speech_rate,hesitation_count,pause_count,avg_pause_duration,pitch_mean,pitch_std,word_recall_errors,mfcc_1,mfcc_2,mfcc_3,mfcc_4,mfcc_5,mfcc_6,mfcc_7,mfcc_8,mfcc_9,mfcc_10,mfcc_11,mfcc_12,mfcc_13,filename,anomaly_score
1.6414141414141414,0,6,0.032,1666.3673,1164.917,4,-386.02487,101.85489,-5.8471403,-2.3415265,-9.709175,1.4230108,-28.109793,-30.325739,-1.6055578,-3.8502967,-21.123734,-1.3797792,-2.3756335,common_voice_en_40865221.mp3,1
1.8832391713747645,0,2,0.048,1588.6099,1098.2994,4,-400.97678,97.810486,-9.632718,-14.710637,-10.116662,2.3441505,-23.092892,-26.780828,-9.610326,-3.8004296,-14.36209,-2.1233523,-3.1346033,common_voice_en_40865224.mp3,1
2.635847526358475,0,2,0.032,1610.1931,1071.4816,3,-403.3525,108.85537,-13.217437,-21.066702,-1.9085786,-0.8291489,-29.522745,-26.116005,-7.2975507,-5.8682103,-13.265557,-1.8509043,-1.5854337,common_voice_en_40865223.mp3,1
2.287581699346405,0,2,0.16,1768.9769,1211.3167,4,-404.34082,93.47461,3.7567332,-2.461369,-24.765436,0.50467414,-13.819618,-33.119404,-8.916106,-2.1513693,-10.666728,-5.3795114,-6.412474,common_voice_en_40865215.mp3,1
1.560549313358302,0,0,0.0,1714.8862,1086.6744,4,-426.3641,66.17863,-5.522041,-19.463848,-9.66758,9.53652,-24.036177,-21.77219,1.1173496,-5.484777,-16.02305,1.6583446,-0.97981715,common_voice_en_40865222.mp3,-1
1.7692852087756545,0,0,0.0,1863.2483,1188.0281,4,-417.28946,94.310555,-3.6710427,8.139814,-16.323639,0.7404459,-13.251583,-34.744858,-8.304983,-3.3035705,-14.455131,-8.727183,-9.26323,common_voice_en_40865214.mp3,1
